,gbifID,datasetKey,occurrenceID,kingdom,phylum,class,order,family,genus,species,infraspecificEpithet,taxonRank,scientificName,verbatimScientificName,verbatimScientificNameAuthorship,countryCode,locality,stateProvince,occurrenceStatus,individualCount,publishingOrgKey,decimalLatitude,decimalLongitude,coordinateUncertaintyInMeters,coordinatePrecision,elevation,elevationAccuracy,depth,depthAccuracy,eventDate,day,month,year,taxonKey,speciesKey,basisOfRecord,institutionCode,collectionCode,catalogNumber,recordNumber,identifiedBy,dateIdentified,license,rightsHolder,recordedBy,typeStatus,establishmentMeans,lastInterpreted,mediaType,issue
1394515,1319111863,821cc27a-e3bb-4bc5-ac34-89ada245069d,http://n2t.net/ark:/65665/35473e327-a4f3-416f-82f0-c4fd4a64c37a,Animalia,Chordata,Aves,Charadriiformes,Scolopacidae,Numenius,Numenius borealis,,SPECIES,"Numenius borealis (J.R.Forster, 1772)",Numenius borealis,,CA,"Rendezvous Lake, Fort Anderson",Northwest Territories,PRESENT,2.0,bc092ff0-02e4-11dc-991f-b8a03c50a862,,,,,,,,,,,,,2481783,2481783,PRESERVED_SPECIMEN,USNM,Birds,USNM B14099,,,,CC0_1_0,,R. MacFarlane,,,2022-08-02T11:44:10.407Z,StillImage,RECORDED_DATE_INVALID
1423322,863475936,4bfac3ea-8763-4f4b-a71a-76a6f5f243d3,MCZ:Orn:182290,Animalia,Chordata,Aves,Charadriiformes,Scolopacidae,Numenius,Numenius borealis,,SPECIES,"Numenius borealis (J.R.Forster, 1772)","Numenius borealis (Forster, 1772)","(Forster, 1772)",CA,between Hamilton Inlet and Sandwich Bay,Newfoundland and Labrador,PRESENT,1.0,b4640710-8e03-11d8-b956-b8a03c50a862,53.97709,-57.590332,40449.0,,,,,,1912-09-01T00:00:00,1.0,9.0,1912.0,2481783,2481783,PRESERVED_SPECIMEN,MCZ,Orn,182290,,Catalog,,CC_BY_NC_4_0,President and Fellows of Harvard College,"Samuel Pottle, Gilbert Pottle",,,2022-08-25T08:06:02.090Z,,COORDINATE_ROUNDED;INSTITUTION_MATCH_FUZZY;COLLECTION_MATCH_FUZZY
1643438,1839332805,7e380070-f762-11e1-a439-00145eb45e9a,88e03adb-22ab-45f3-85fb-d3e2be0f7c37,Animalia,Chordata,Aves,Charadriiformes,Scolopacidae,Numenius,Numenius borealis,,SPECIES,"Numenius borealis (J.R.Forster, 1772)",Numenius borealis,,,,,PRESENT,,19456090-b49a-11d8-abeb-b8a03c50a862,,,,,,,,,,,,,2481783,2481783,PRESERVED_SPECIMEN,NHMUK,ZOO,NHMUK E/1973.GS.95.b,,,,CC0_1_0,,,,,2022-08-23T11:48:33.227Z,,INSTITUTION_MATCH_FUZZY;INSTITUTION_COLLECTION_MISMATCH
1643455,1291450645,7e380070-f762-11e1-a439-00145eb45e9a,57427f07-a48f-4c3c-a449-9df8ea109d98,Animalia,Chordata,Aves,Charadriiformes,Scolopacidae,Numenius,Numenius borealis,,SPECIES,"Numenius borealis (J.R.Forster, 1772)",Numenius borealis,,US,Brownsville,Texas,PRESENT,1.0,19456090-b49a-11d8-abeb-b8a03c50a862,,,,,,,,,1889-03-26T00:00:00,26.0,3.0,1889.0,2481783,2481783,PRESERVED_SPECIMEN,NHMUK,ZOO,1891.10.20.1038,,,,CC0_1_0,,,,,2022-08-23T11:48:24.337Z,StillImage,INSTITUTION_MATCH_FUZZY;INSTITUTION_COLLECTION_MISMATCH
1643456,1291431201,7e380070-f762-11e1-a439-00145eb45e9a,d93d8cbe-3df8-4363-a770-c244e0d5c924,Animalia,Chordata,Aves,Charadriiformes,Scolopacidae,Numenius,Numenius borealis,,SPECIES,"Numenius borealis (J.R.Forster, 1772)",Numenius borealis,,CA,Labrador; Henley Harbour,,PRESENT,1.0,19456090-b49a-11d8-abeb-b8a03c50a862,,,,,,,,,1887-08-27T00:00:00,27.0,8.0,1887.0,2481783,2481783,PRESERVED_SPECIMEN,NHMUK,ZOO,1894.2.19.70,,,,CC0_1_0,,,,,2022-08-23T11:48:24.337Z,StillImage,INSTITUTION_MATCH_FUZZY;INSTITUTION_COLLECTION_MISMATCH
1643860,1291450585,7e380070-f762-11e1-a439-00145eb45e9a,7d3f9f35-afb6-415f-842e-a5b82c5021e5,Animalia,Chordata,Aves,Charadriiformes,Scolopacidae,Numenius,Numenius borealis,,SPECIES,"Numenius borealis (J.R.Forster, 1772)",Numenius borealis,,US,Brownsville,Texas,PRESENT,1.0,19456090-b49a-11d8-abeb-b8a03c50a862,,,,,,,,,1889-03-28T00:00:00,28.0,3.0,1889.0,2481783,2481783,PRESERVED_SPECIMEN,NHMUK,ZOO,1891.10.20.1033,,,,CC0_1_0,,,,,2022-08-23T11:48:27.172Z,StillImage,INSTITUTION_MATCH_FUZZY;INSTITUTION_COLLECTION_MISMATCH
1643905,1291416174,7e380070-f762-11e1-a439-00145eb45e9a,8cd876e5-c1cc-48e3-a3b2-934af599ea18,Animalia,Chordata,Aves,Charadriiformes,Scolopacidae,Numenius,Numenius borealis,,SPECIES,"Numenius borealis (J.R.Forster, 1772)",Numenius borealis,,US,Massachussetts; North Truro,,PRESENT,1.0,19456090-b49a-11d8-abeb-b8a03c50a862,,,,,,,,,1888-09-01T00:00:00,1.0,9.0,1888.0,2481783,2481783,PRESERVED_SPECIMEN,NHMUK,ZOO,1988.21.11,,,,CC0_1_0,,,,,2022-08-23T11:48:24.513Z,StillImage,INSTITUTION_MATCH_FUZZY;INSTITUTION_COLLECTION_MISMATCH
1643952,1291444682,7e380070-f762-11e1-a439-00145eb45e9a,ece084d7-27e8-4ccb-aa89-87b97f6a005a,Animalia,Chordata,Aves,Charadriiformes,Scolopacidae,Numenius,Numenius borealis,,SPECIES,"Numenius borealis (J.R.Forster, 1772)",Numenius borealis,,CA,Fort Good Hope,Northwest Territories,PRESENT,1.0,19456090-b49a-11d8-abeb-b8a03c50a862,,,,,,,,,,,,,2481783,2481783,PRESERVED_SPECIMEN,NHMUK,ZOO,1863.1.28.127,,,,CC0_1_0,,,,,2022-08-23T11:48:23.843Z,StillImage,INSTITUTION_MATCH_FUZZY;INSTITUTION_COLLECTION_MISMATCH
1644017,1291431228,7e380070-f762-11e1-a439-00145eb45e9a,89e4951c-f7c2-41ef-ba1c-02c8615d4ac8,Animalia,Chordata,Aves,Charadriiformes,Scolopacidae,Numenius,Numenius borealis,,SPECIES,"Numenius borealis (J.R.Forster, 1772)",Numenius borealis,,CA,Labrador; Henley Harbour,,PRESENT,1.0,19456090-b49a-11d8-abeb-b8a03c50a862,,,,,,,,,1861-08-20T00:00:00,20.0,8.0,1861.0,2481783,2481783,PRESERVED_SPECIMEN,NHMUK,ZOO,1894.2.19.71,,,,CC0_1_0,,,,,2022-08-23T11:48:25.202Z,StillImage,INSTITUTION_MATCH_FUZZY;INSTITUTION_COLLECTION_MISMATCH
1644226,1291421966,7e380070-f762-11e1-a439-00145eb45e9a,1f4a12c3-b5bf-4fda-b448-12069fb343e2,Animalia,Chordata,Aves,Charadriiformes,Scolopacidae,Numenius,Numenius borealis,,SPECIES,"Numenius borealis (J.R.Forster, 1772)",Numenius borealis,,AR,"(Chufat), Patagonia",Chubut,PRESENT,1.0,19456090-b49a-11d8-abeb-b8a03c50a862,,,,,,,,,1877-11-08T00:00:00,8.0,11.0,1877.0,2481783,2481783,PRESERVED_SPECIMEN,NHMUK,ZOO,1885.11.20.182,,,,CC0_1_0,,,,,2022-08-23T11:48:25.524Z,StillImage,INSTITUTION_MATCH_FUZZY;INSTITUTION_COLLECTION_MISMATCH
1704643,1665789960,4da5c45a-54be-4de3-bf51-9d1bbe1f43b6,D4F351EE-F836-4A00-9CDA-471743298230,Animalia,Chordata,Aves,Charadriiformes,Scolopacidae,Numenius,Numenius borealis,,SPECIES,"Numenius borealis (J.R.Forster, 1772)",Numenius borealis,,,,,PRESENT,,abd95fb6-cfae-4f16-9e57-c94f414ef38d,,,,,,,,,,,,,2481783,2481783,PRESERVED_SPECIMEN,ECOT,ORNI,2015.INV.0634,,,,CC0_1_0,Worcester Society of Natural History d.b.a. EcoTarium,,,,2022-04-25T17:36:12.489Z,StillImage,INSTITUTION_MATCH_FUZZY;COLLECTION_MATCH_FUZZY
1704724,1665789924,4da5c45a-54be-4de3-bf51-9d1bbe1f43b6,EF28FB95-F98B-41AD-8862-768371709197,Animalia,Chordata,Aves,Charadriiformes,Scolopacidae,Numenius,Numenius borealis,,SPECIES,"Numenius borealis (J.R.Forster, 1772)",Numenius borealis,,US,,Iowa,PRESENT,,abd95fb6-cfae-4f16-9e57-c94f414ef38d,,,,,,,,,1900-04-10T00:00:00,10.0,4.0,1900.0,2481783,2481783,PRESERVED_SPECIMEN,ECOT,ORNI,2015.INV.0630,,,,CC0_1_0,Worcester Society of Natural History d.b.a. EcoTarium,,,,2022-04-25T17:36:12.521Z,StillImage,INSTITUTION_MATCH_FUZZY;COLLECTION_MATCH_FUZZY
2462482,1322399243,821cc27a-e3bb-4bc5-ac34-89ada245069d,http://n2t.net/ark:/65665/3e5e497dd-0ef9-4921-bda9-7b2d576ac5f9,Animalia,Chordata,Aves,Charadriiformes,Scolopacidae,Numenius,Numenius borealis,,SPECIES,"Numenius borealis (J.R.Forster, 1772)",Numenius borealis,,ZZ,,,PRESENT,1.0,bc092ff0-02e4-11dc-991f-b8a03c50a862,,,,,,,,,,,,,2481783,2481783,PRESERVED_SPECIMEN,USNM,Birds,USNM A6573,,,,CC0_1_0,,T. Henry,,,2022-08-02T11:44:52.830Z,StillImage;StillImage;StillImage;StillImage;StillImage,
2462588,1320648240,821cc27a-e3bb-4bc5-ac34-89ada245069d,http://n2t.net/ark:/65665/398703d15-fdcf-4bc5-b0a2-4d2fbae412ce,Animalia,Chordata,Aves,Charadriiformes,Scolopacidae,Numenius,Numenius borealis,,SPECIES,"Numenius borealis (J.R.Forster, 1772)",Numenius borealis,,CA,"Anderson River, Lower",Northwest Territories,PRESENT,4.0,bc092ff0-02e4-11dc-991f-b8a03c50a862,,,,,,,,,,,,,2481783,2481783,PRESERVED_SPECIMEN,USNM,Birds,USNM B14096,,,,CC0_1_0,,R. MacFarlane,,,2022-08-02T11:44:12.028Z,StillImage,RECORDED_DATE_INVALID
2510223,1291450654,7e380070-f762-11e1-a439-00145eb45e9a,ce5dc7b1-a568-430b-8efc-0b4e8618a98d,Animalia,Chordata,Aves,Charadriiformes,Scolopacidae,Numenius,Numenius borealis,,SPECIES,"Numenius borealis (J.R.Forster, 1772)",Numenius borealis,,US,Brownsville,Texas,PRESENT,1.0,19456090-b49a-11d8-abeb-b8a03c50a862,,,,,,,,,1902-03-26T00:00:00,26.0,3.0,1902.0,2481783,2481783,PRESERVED_SPECIMEN,NHMUK,ZOO,1965.M.2961,,,,CC0_1_0,,,,,2022-08-23T11:48:25.526Z,StillImage,INSTITUTION_MATCH_FUZZY;INSTITUTION_COLLECTION_MISMATCH
2510285,1291442359,7e380070-f762-11e1-a439-00145eb45e9a,3c2f46c4-c6a9-4c04-9776-de913a2c2ac4,Animalia,Chordata,Aves,Charadriiformes,Scolopacidae,Numenius,Numenius borealis,,SPECIES,"Numenius borealis (J.R.Forster, 1772)",Numenius borealis,,BB,,,PRESENT,1.0,19456090-b49a-11d8-abeb-b8a03c50a862,,,,,,,,,,,,,2481783,2481783,PRESERVED_SPECIMEN,NHMUK,ZOO,1847.8.10.20,,,,CC0_1_0,,,,,2022-08-23T11:48:25.200Z,,INSTITUTION_MATCH_FUZZY;INSTITUTION_COLLECTION_MISMATCH
2510353,1291450663,7e380070-f762-11e1-a439-00145eb45e9a,d355de46-b564-4bff-be56-f0e99dfe1f06,Animalia,Chordata,Aves,Charadriiformes,Scolopacidae,Numenius,Numenius borealis,,SPECIES,"Numenius borealis (J.R.Forster, 1772)",Numenius borealis,,US,Brownsville,Texas,PRESENT,1.0,19456090-b49a-11d8-abeb-b8a03c50a862,,,,,,,,,1902-03-26T00:00:00,26.0,3.0,1902.0,2481783,2481783,PRESERVED_SPECIMEN,NHMUK,ZOO,1965.M.2960,,,,CC0_1_0,,,,,2022-08-23T11:47:52.597Z,StillImage,INSTITUTION_MATCH_FUZZY;INSTITUTION_COLLECTION_MISMATCH
2510380,1291431181,7e380070-f762-11e1-a439-00145eb45e9a,807d1729-e277-4baa-a683-27a8a662a994,Animalia,Chordata,Aves,Charadriiformes,Scolopacidae,Numenius,Numenius borealis,,SPECIES,"Numenius borealis (J.R.Forster, 1772)",Numenius borealis,,CA,Labrador; Henley Harbour,,PRESENT,1.0,19456090-b49a-11d8-abeb-b8a03c50a862,,,,,,,,,,,,,2481783,2481783,PRESERVED_SPECIMEN,NHMUK,ZOO,1891.10.20.1028,,,,CC0_1_0,,,,,2022-08-23T11:47:52.650Z,StillImage,INSTITUTION_MATCH_FUZZY;INSTITUTION_COLLECTION_MISMATCH
2510472,1291453117,7e380070-f762-11e1-a439-00145eb45e9a,d199f7c7-d4f0-495a-bbfd-938d29b3d573,Animalia,Chordata,Aves,Charadriiformes,Scolopacidae,Numenius,Numenius borealis,,SPECIES,"Numenius borealis (J.R.Forster, 1772)",Numenius borealis,,US,,Illinois,PRESENT,1.0,19456090-b49a-11d8-abeb-b8a03c50a862,,,,,,,,,,,,,2481783,2481783,PRESERVED_SPECIMEN,NHMUK,ZOO,1934.1.1.901,,,,CC0_1_0,,,,,2022-08-23T11:47:51.620Z,StillImage,INSTITUTION_MATCH_FUZZY;INSTITUTION_COLLECTION_MISMATCH
2510753,1291447893,7e380070-f762-11e1-a439-00145eb45e9a,1b061661-9c7e-4b49-bea8-b492e625454a,Animalia,Chordata,Aves,Charadriiformes,Scolopacidae,Numenius,Numenius borealis,,SPECIES,"Numenius borealis (J.R.Forster, 1772)",Numenius borealis,,CA,"Anderson River Fort, lr. Anderson River",Northwest Territories,PRESENT,4.0,19456090-b49a-11d8-abeb-b8a03c50a862,,,,,,,,,1863-06-13T00:00:00,13.0,6.0,1863.0,2481783,2481783,PRESERVED_SPECIMEN,NHMUK,ZOO,NHMUK E/1941.4.6.947,,,,CC0_1_0,,Roderick R. Macfarlane,,,2022-08-23T11:48:23.900Z,,INSTITUTION_MATCH_FUZZY;INSTITUTION_COLLECTION_MISMATCH
4011968,863475873,4bfac3ea-8763-4f4b-a71a-76a6f5f243d3,MCZ:Orn:301739,Animalia,Chordata,Aves,Charadriiformes,Scolopacidae,Numenius,Numenius borealis,,SPECIES,"Numenius borealis (J.R.Forster, 1772)","Numenius borealis (Forster, 1772)","(Forster, 1772)",US,Grinnell,Iowa,PRESENT,1.0,b4640710-8e03-11d8-b956-b8a03c50a862,41.743092,-92.722389,1637.0,,,,,,1900-04-10T00:00:00,10.0,4.0,1900.0,2481783,2481783,PRESERVED_SPECIMEN,MCZ,Orn,301739,,Catalog,,CC_BY_NC_4_0,President and Fellows of Harvard College,M. A. Frazar,,,2022-08-25T08:07:20.124Z,,COORDINATE_ROUNDED;INSTITUTION_MATCH_FUZZY;COLLECTION_MATCH_FUZZY
4012258,863476092,4bfac3ea-8763-4f4b-a71a-76a6f5f243d3,MCZ:Orn:73329,Animalia,Chordata,Aves,Charadriiformes,Scolopacidae,Numenius,Numenius borealis,,SPECIES,"Numenius borealis (J.R.Forster, 1772)","Numenius borealis (Forster, 1772)","(Forster, 1772)",,[no specific locality data],,PRESENT,1.0,b4640710-8e03-11d8-b956-b8a03c50a862,,,,,,,,,,,,,2481783,2481783,PRESERVED_SPECIMEN,MCZ,Orn,73329,,Catalog,,CC_BY_NC_4_0,President and Fellows of Harvard College,[no agent data],,,2022-08-25T08:07:00.709Z,,CONTINENT_INVALID;INSTITUTION_MATCH_FUZZY;COLLECTION_MATCH_FUZZY
4012471,863475952,4bfac3ea-8763-4f4b-a71a-76a6f5f243d3,MCZ:Orn:301740,Animalia,Chordata,Aves,Charadriiformes,Scolopacidae,Numenius,Numenius borealis,,SPECIES,"Numenius borealis (J.R.Forster, 1772)","Numenius borealis (Forster, 1772)","(Forster, 1772)",US,Grinnell,Iowa,PRESENT,1.0,b4640710-8e03-11d8-b956-b8a03c50a862,41.743092,-92.722389,1637.0,,,,,,1900-04-10T00:00:00,10.0,4.0,1900.0,2481783,2481783,PRESERVED_SPECIMEN,MCZ,Orn,301740,,Catalog,,CC_BY_NC_4_0,President and Fellows of Harvard College,M. A. Frazar,,,2022-08-25T08:07:19.429Z,,COORDINATE_ROUNDED;INSTITUTION_MATCH_FUZZY;COLLECTION_MATCH_FUZZY
4012960,863475924,4bfac3ea-8763-4f4b-a71a-76a6f5f243d3,MCZ:Orn:315591,Animalia,Chordata,Aves,Charadriiformes,Scolopacidae,Numenius,Numenius borealis,,SPECIES,"Numenius borealis (J.R.Forster, 1772)","Numenius borealis (Forster, 1772)","(Forster, 1772)",US,Chatham,Massachusetts,PRESENT,1.0,b4640710-8e03-11d8-b956-b8a03c50a862,41.682056,-69.959738,2625.0,,,,,,1889-09-05T00:00:00,5.0,9.0,1889.0,2481783,2481783,PRESERVED_SPECIMEN,MCZ,Orn,315591,,Catalog,,CC_BY_NC_4_0,President and Fellows of Harvard College,"Reginald H. Howe, Jr.",,,2022-08-25T08:07:19.990Z,,INSTITUTION_MATCH_FUZZY;COLLECTION_MATCH_FUZZY
4013236,863476138,4bfac3ea-8763-4f4b-a71a-76a6f5f243d3,MCZ:Orn:58360,Animalia,Chordata,Aves,Charadriiformes,Scolopacidae,Numenius,Numenius borealis,,SPECIES,"Numenius borealis (J.R.Forster, 1772)","Numenius borealis (Forster, 1772)","(Forster, 1772)",,[no specific locality data],,PRESENT,1.0,b4640710-8e03-11d8-b956-b8a03c50a862,,,,,,,,,,,,,2481783,2481783,PRESERVED_SPECIMEN,MCZ,Orn,58360,,Catalog,,CC_BY_NC_4_0,President and Fellows of Harvard College,H. D. Morse,,,2022-08-25T08:08:17.007Z,,CONTINENT_INVALID;INSTITUTION_MATCH_FUZZY;COLLECTION_MATCH_FUZZY
4013472,863475954,4bfac3ea-8763-4f4b-a71a-76a6f5f243d3,MCZ:Orn:318911,Animalia,Chordata,Aves,Charadriiformes,Scolopacidae,Numenius,Numenius borealis,,SPECIES,"Numenius borealis (J.R.Forster, 1772)","Numenius borealis (Forster, 1772)","(Forster, 1772)",CA,"Sandwich Bay, North River",Newfoundland and Labrador,PRESENT,1.0,b4640710-8e03-11d8-b956-b8a03c50a862,53.604729,-57.271728,16552.0,,,,,,1912-08-01T00:00:00,1.0,8.0,1912.0,2481783,2481783,PRESERVED_SPECIMEN,MCZ,Orn,318911,,Catalog,,CC_BY_NC_4_0,President and Fellows of Harvard College,Max Williams,,,2022-08-25T08:08:33.385Z,,COORDINATE_ROUNDED;INSTITUTION_MATCH_FUZZY;COLLECTION_MATCH_FUZZY
4013499,863564954,4bfac3ea-8763-4f4b-a71a-76a6f5f243d3,MCZ:Orn:353499,Animalia,Chordata,Aves,Charadriiformes,Scolopacidae,Numenius,Numenius borealis,,SPECIES,"Numenius borealis (J.R.Forster, 1772)","Numenius borealis (Forster, 1772)","(Forster, 1772)",CA,Fort Anderson (mo. And. Riv.),Northwest Territories,PRESENT,2.0,b4640710-8e03-11d8-b956-b8a03c50a862,69.797339,-128.951969,22945.0,,,,,,1861-01-01T00:00:00,1.0,1.0,1861.0,2481783,2481783,PRESERVED_SPECIMEN,MCZ,Orn,353499,,[no agent data],,CC_BY_NC_4_0,President and Fellows of Harvard College,Roderick Ross MacFarlane,,,2022-08-25T08:08:33.882Z,,INSTITUTION_MATCH_FUZZY;COLLECTION_MATCH_FUZZY
4014109,863571990,4bfac3ea-8763-4f4b-a71a-76a6f5f243d3,MCZ:Orn:247825,Animalia,Chordata,Aves,Charadriiformes,Scolopacidae,Numenius,Numenius borealis,,SPECIES,"Numenius borealis (J.R.Forster, 1772)","Numenius borealis (Forster, 1772)","(Forster, 1772)",US,Ipswich,Massachusetts,PRESENT,1.0,b4640710-8e03-11d8-b956-b8a03c50a862,42.67926,-70.845281,10032.0,,,,,,1879-09-14T00:00:00,14.0,9.0,1879.0,2481783,2481783,PRESERVED_SPECIMEN,MCZ,Orn,247825,,Catalog,,CC_BY_NC_4_0,President and Fellows of Harvard College,W. B. Dowse,,,2022-08-25T08:08:30.659Z,,INSTITUTION_MATCH_FUZZY;COLLECTION_MATCH_FUZZY
4014572,863475854,4bfac3ea-8763-4f4b-a71a-76a6f5f243d3,MCZ:Orn:254817,Animalia,Chordata,Aves,Charadriiformes,Scolopacidae,Numenius,Numenius borealis,,SPECIES,"Numenius borealis (J.R.Forster, 1772)","Numenius borealis (Forster, 1772)","(Forster, 1772)",US,Rockland,Maine,PRESENT,1.0,b4640710-8e03-11d8-b956-b8a03c50a862,44.103692,-69.108929,1133.62,,,,,,1886-08-01T00:00:00,1.0,8.0,1886.0,2481783,2481783,PRESERVED_SPECIMEN,MCZ,Orn,254817,,Catalog,,CC_BY_NC_4_0,President and Fellows of Harvard College,[no agent data],,,2022-08-25T08:07:25.615Z,,COORDINATE_ROUNDED;INSTITUTION_MATCH_FUZZY;COLLECTION_MATCH_FUZZY
4014644,863475989,4bfac3ea-8763-4f4b-a71a-76a6f5f243d3,MCZ:Orn:247827,Animalia,Chordata,Aves,Charadriiformes,Scolopacidae,Numenius,Numenius borealis,,SPECIES,"Numenius borealis (J.R.Forster, 1772)","Numenius borealis (Forster, 1772)","(Forster, 1772)",US,Ipswich,Massachusetts,PRESENT,1.0,b4640710-8e03-11d8-b956-b8a03c50a862,42.67926,-70.841161,2246.0,,,,,,1879-09-14T00:00:00,14.0,9.0,1879.0,2481783,2481783,PRESERVED_SPECIMEN,MCZ,Orn,247827,,Catalog,,CC_BY_NC_4_0,President and Fellows of Harvard College,W. B. Dowse,,,2022-08-25T08:08:30.548Z,,INSTITUTION_MATCH_FUZZY;COLLECTION_MATCH_FUZZY
4014877,863475923,4bfac3ea-8763-4f4b-a71a-76a6f5f243d3,MCZ:Orn:15387,Animalia,Chordata,Aves,Charadriiformes,Scolopacidae,Numenius,Numenius borealis,,SPECIES,"Numenius borealis (J.R.Forster, 1772)","Numenius borealis (Forster, 1772)","(Forster, 1772)",US,Fort Hays,Kansas,PRESENT,1.0,b4640710-8e03-11d8-b956-b8a03c50a862,38.863477,-99.341404,4737.0,,,,,,1871-06-16T00:00:00,16.0,6.0,1871.0,2481783,2481783,PRESERVED_SPECIMEN,MCZ,Orn,15387,,Catalog,,CC_BY_NC_4_0,President and Fellows of Harvard College,Joel Asaph Allen,,,2022-08-25T08:07:00.023Z,,INSTITUTION_MATCH_FUZZY;COLLECTION_MATCH_FUZZY
4015262,1571704873,4bfac3ea-8763-4f4b-a71a-76a6f5f243d3,MCZ:Orn:342998,Animalia,Chordata,Aves,Charadriiformes,Scolopacidae,Numenius,Numenius borealis,,SPECIES,"Numenius borealis (J.R.Forster, 1772)","Numenius borealis (Forster, 1772)","(Forster, 1772)",,[no specific locality data],,PRESENT,1.0,b4640710-8e03-11d8-b956-b8a03c50a862,,,,,,,,,1800-01-01T00:00:00,1.0,1.0,1800.0,2481783,2481783,PRESERVED_SPECIMEN,MCZ,Orn,342998,,[no agent data],,CC_BY_NC_4_0,President and Fellows of Harvard College,[no agent data],,,2022-08-25T08:07:20.094Z,,CONTINENT_INVALID;INSTITUTION_MATCH_FUZZY;COLLECTION_MATCH_FUZZY
4015335,863476133,4bfac3ea-8763-4f4b-a71a-76a6f5f243d3,MCZ:Orn:84443,Animalia,Chordata,Aves,Charadriiformes,Scolopacidae,Numenius,Numenius borealis,,SPECIES,"Numenius borealis (J.R.Forster, 1772)","Numenius borealis (Forster, 1772)","(Forster, 1772)",,[no specific locality data],,PRESENT,1.0,b4640710-8e03-11d8-b956-b8a03c50a862,,,,,,,,,,,,,2481783,2481783,PRESERVED_SPECIMEN,MCZ,Orn,84443,,Catalog,,CC_BY_NC_4_0,President and Fellows of Harvard College,[no agent data],,,2022-08-25T08:05:35.440Z,,CONTINENT_INVALID;INSTITUTION_MATCH_FUZZY;COLLECTION_MATCH_FUZZY
4015465,863475937,4bfac3ea-8763-4f4b-a71a-76a6f5f243d3,MCZ:Orn:219174,Animalia,Chordata,Aves,Charadriiformes,Scolopacidae,Numenius,Numenius borealis,,SPECIES,"Numenius borealis (J.R.Forster, 1772)","Numenius borealis (Forster, 1772)","(Forster, 1772)",US,[no specific locality data],Massachusetts,PRESENT,1.0,b4640710-8e03-11d8-b956-b8a03c50a862,41.604781,-69.983561,8015.0,,,,,,1888-09-11T00:00:00,11.0,9.0,1888.0,2481783,2481783,PRESERVED_SPECIMEN,MCZ,Orn,219174,,Catalog,,CC_BY_NC_4_0,President and Fellows of Harvard College,John Cyrus Cahoon,,,2022-08-25T08:06:03.027Z,,INSTITUTION_MATCH_FUZZY;COLLECTION_MATCH_FUZZY
4682039,2781731926,4fa7b334-ce0d-4e88-aaae-2e0c138d049e,URN:catalog:CLO:EBIRD:OBS852333341,Animalia,Chordata,Aves,Charadriiformes,Scolopacidae,Numenius,Numenius borealis,,SPECIES,"Numenius borealis (J.R.Forster, 1772)",Numenius borealis,,AR,Buenos Aires Province,Buenos Aires,PRESENT,5.0,e2e717bf-551a-4917-bdc9-4fa0f342c530,-36.436882,-60.21331,,,,,,,1924-02-07T00:00:00,7.0,2.0,1924.0,2481783,2481783,HUMAN_OBSERVATION,CLO,EBIRD,OBS852333341,,,,CC_BY_4_0,,obsr939641,,,2022-04-25T22:48:52.951Z,,
5288687,863475922,4bfac3ea-8763-4f4b-a71a-76a6f5f243d3,MCZ:Orn:30509,Animalia,Chordata,Aves,Charadriiformes,Scolopacidae,Numenius,Numenius borealis,,SPECIES,"Numenius borealis (J.R.Forster, 1772)","Numenius borealis (Forster, 1772)","(Forster, 1772)",CA,,Newfoundland and Labrador,PRESENT,1.0,b4640710-8e03-11d8-b956-b8a03c50a862,55.565922,-62.072754,559903.0,,,,,,1876-09-18T00:00:00,18.0,9.0,1876.0,2481783,2481783,PRESERVED_SPECIMEN,MCZ,Orn,30509,,Catalog,,CC_BY_NC_4_0,President and Fellows of Harvard College,John Murdoch,,,2022-08-25T08:08:15.411Z,,COORDINATE_ROUNDED;INSTITUTION_MATCH_FUZZY;COLLECTION_MATCH_FUZZY
5289564,863475927,4bfac3ea-8763-4f4b-a71a-76a6f5f243d3,MCZ:Orn:318909,Animalia,Chordata,Aves,Charadriiformes,Scolopacidae,Numenius,Numenius borealis,,SPECIES,"Numenius borealis (J.R.Forster, 1772)","Numenius borealis (Forster, 1772)","(Forster, 1772)",CA,south entrance to Hamilton Inlet,Newfoundland and Labrador,PRESENT,1.0,b4640710-8e03-11d8-b956-b8a03c50a862,54.228313,-57.425537,5024.0,,,,,,1912-09-01T00:00:00,1.0,9.0,1912.0,2481783,2481783,PRESERVED_SPECIMEN,MCZ,Orn,318909,,Catalog,,CC_BY_NC_4_0,President and Fellows of Harvard College,Samuel Pottle,,,2022-08-25T08:08:31.802Z,,COORDINATE_ROUNDED;INSTITUTION_MATCH_FUZZY;COLLECTION_MATCH_FUZZY
5289924,863571963,4bfac3ea-8763-4f4b-a71a-76a6f5f243d3,MCZ:Orn:219172,Animalia,Chordata,Aves,Charadriiformes,Scolopacidae,Numenius,Numenius borealis,,SPECIES,"Numenius borealis (J.R.Forster, 1772)","Numenius borealis (Forster, 1772)","(Forster, 1772)",US,[no specific locality data],Massachusetts,PRESENT,1.0,b4640710-8e03-11d8-b956-b8a03c50a862,41.604781,-69.983561,8015.0,,,,,,1888-09-01T00:00:00,1.0,9.0,1888.0,2481783,2481783,PRESERVED_SPECIMEN,MCZ,Orn,219172,,Catalog,,CC_BY_NC_4_0,President and Fellows of Harvard College,John Cyrus Cahoon,,,2022-08-25T08:06:02.981Z,,INSTITUTION_MATCH_FUZZY;COLLECTION_MATCH_FUZZY
5290721,863475968,4bfac3ea-8763-4f4b-a71a-76a6f5f243d3,MCZ:Orn:328583,Animalia,Chordata,Aves,Charadriiformes,Scolopacidae,Numenius,Numenius borealis,,SPECIES,"Numenius borealis (J.R.Forster, 1772)","Numenius borealis (Forster, 1772)","(Forster, 1772)",US,Newburyport,Massachusetts,PRESENT,1.0,b4640710-8e03-11d8-b956-b8a03c50a862,42.812591,-70.877275,5344.0,,,,,,1908-08-27T00:00:00,27.0,8.0,1908.0,2481783,2481783,PRESERVED_SPECIMEN,MCZ,Orn,328583,,Catalog,,CC_BY_NC_4_0,President and Fellows of Harvard College,[no agent data],,,2022-08-25T08:06:06.161Z,,INSTITUTION_MATCH_FUZZY;COLLECTION_MATCH_FUZZY
5290836,863475913,4bfac3ea-8763-4f4b-a71a-76a6f5f243d3,MCZ:Orn:71586,Animalia,Chordata,Aves,Charadriiformes,Scolopacidae,Numenius,Numenius borealis,,SPECIES,"Numenius borealis (J.R.Forster, 1772)","Numenius borealis (Forster, 1772)","(Forster, 1772)",CA,Barren Grounds,,PRESENT,1.0,b4640710-8e03-11d8-b956-b8a03c50a862,,,,,,,,,1864-07-12T00:00:00,12.0,7.0,1864.0,2481783,2481783,PRESERVED_SPECIMEN,MCZ,Orn,71586,,Catalog,,CC_BY_NC_4_0,President and Fellows of Harvard College,Roderick Ross MacFarlane,,,2022-08-25T08:08:16.229Z,,INSTITUTION_MATCH_FUZZY;COLLECTION_MATCH_FUZZY
5291033,863476091,4bfac3ea-8763-4f4b-a71a-76a6f5f243d3,MCZ:Orn:301743,Animalia,Chordata,Aves,Charadriiformes,Scolopacidae,Numenius,Numenius borealis,,SPECIES,"Numenius borealis (J.R.Forster, 1772)","Numenius borealis (Forster, 1772)","(Forster, 1772)",,[no specific locality data],,PRESENT,1.0,b4640710-8e03-11d8-b956-b8a03c50a862,,,,,,,,,1902-10-01T00:00:00,1.0,10.0,1902.0,2481783,2481783,PRESERVED_SPECIMEN,MCZ,Orn,301743,,Catalog,,CC_BY_NC_4_0,President and Fellows of Harvard College,L. C. Jones,,,2022-08-25T08:08:31.731Z,,CONTINENT_INVALID;INSTITUTION_MATCH_FUZZY;COLLECTION_MATCH_FUZZY
5291728,863571969,4bfac3ea-8763-4f4b-a71a-76a6f5f243d3,MCZ:Orn:313495,Animalia,Chordata,Aves,Charadriiformes,Scolopacidae,Numenius,Numenius borealis,,SPECIES,"Numenius borealis (J.R.Forster, 1772)","Numenius borealis (Forster, 1772)","(Forster, 1772)",CA,[no specific locality data],,PRESENT,1.0,b4640710-8e03-11d8-b956-b8a03c50a862,59.389634,-97.140625,5040386.0,,,,,,,,,,2481783,2481783,PRESERVED_SPECIMEN,MCZ,Orn,313495,,Catalog,,CC_BY_NC_4_0,President and Fellows of Harvard College,[no agent data],,,2022-08-25T08:07:19.647Z,,COUNTRY_DERIVED_FROM_COORDINATES;INSTITUTION_MATCH_FUZZY;COLLECTION_MATCH_FUZZY
5292125,863475939,4bfac3ea-8763-4f4b-a71a-76a6f5f243d3,MCZ:Orn:318910,Animalia,Chordata,Aves,Charadriiformes,Scolopacidae,Numenius,Numenius borealis,,SPECIES,"Numenius borealis (J.R.Forster, 1772)","Numenius borealis (Forster, 1772)","(Forster, 1772)",CA,south entrance to Hamilton Inlet,Newfoundland and Labrador,PRESENT,1.0,b4640710-8e03-11d8-b956-b8a03c50a862,54.228313,-57.425537,5024.0,,,,,,1912-09-01T00:00:00,1.0,9.0,1912.0,2481783,2481783,PRESERVED_SPECIMEN,MCZ,Orn,318910,,Catalog,,CC_BY_NC_4_0,President and Fellows of Harvard College,Samuel Pottle,,,2022-08-25T08:06:05.838Z,,COORDINATE_ROUNDED;INSTITUTION_MATCH_FUZZY;COLLECTION_MATCH_FUZZY
5292357,1563874446,4bfac3ea-8763-4f4b-a71a-76a6f5f243d3,MCZ:Orn:30507,Animalia,Chordata,Aves,Charadriiformes,Scolopacidae,Numenius,Numenius borealis,,SPECIES,"Numenius borealis (J.R.Forster, 1772)","Numenius borealis (Forster, 1772)","(Forster, 1772)",CA,Labrador,Newfoundland and Labrador,PRESENT,1.0,b4640710-8e03-11d8-b956-b8a03c50a862,55.520071,-61.77114,563941.0,,,,,,1876-08-18T00:00:00,18.0,8.0,1876.0,2481783,2481783,PRESERVED_SPECIMEN,MCZ,Orn,30507,,[no agent data],,CC_BY_NC_4_0,President and Fellows of Harvard College,John Murdoch,,,2022-08-25T08:07:08.026Z,,INSTITUTION_MATCH_FUZZY;COLLECTION_MATCH_FUZZY
6461590,1318884352,821cc27a-e3bb-4bc5-ac34-89ada245069d,http://n2t.net/ark:/65665/34a665c2a-eabc-4e71-819a-37d0be298fb1,Animalia,Chordata,Aves,Charadriiformes,Scolopacidae,Numenius,Numenius borealis,,SPECIES,"Numenius borealis (J.R.Forster, 1772)",Numenius borealis,,US,Hotham Inlet,Alaska,PRESENT,1.0,bc092ff0-02e4-11dc-991f-b8a03c50a862,,,,,,,,,,,,,2481783,2481783,PRESERVED_SPECIMEN,USNM,Birds,USNM 100406,,,,CC0_1_0,,S. McLenegan,,,2022-08-02T11:44:37.342Z,StillImage,RECORDED_DATE_INVALID
9163854,1318866601,821cc27a-e3bb-4bc5-ac34-89ada245069d,http://n2t.net/ark:/65665/34996d34f-bf13-4c7d-b505-c5192ea0c77a,Animalia,Chordata,Aves,Charadriiformes,Scolopacidae,Numenius,Numenius borealis,,SPECIES,"Numenius borealis (J.R.Forster, 1772)",Numenius borealis,,US,"Montauk Point, Good Ground",New York,PRESENT,1.0,bc092ff0-02e4-11dc-991f-b8a03c50a862,,,,,,,,,1886-09-11T00:00:00,11.0,9.0,1886.0,2481783,2481783,PRESERVED_SPECIMEN,USNM,Birds,USNM 322722,,,,CC0_1_0,,W. Dutcher,,,2022-08-02T11:44:07.886Z,StillImage,
9163946,1319234288,821cc27a-e3bb-4bc5-ac34-89ada245069d,http://n2t.net/ark:/65665/359e41822-e34d-4622-8631-11cd93d05b5d,Animalia,Chordata,Aves,Charadriiformes,Scolopacidae,Numenius,Numenius borealis,,SPECIES,"Numenius borealis (J.R.Forster, 1772)",Numenius borealis,,CA,Fort Anderson,,PRESENT,1.0,bc092ff0-02e4-11dc-991f-b8a03c50a862,,,,,,,,,,,,,2481783,2481783,PRESERVED_SPECIMEN,USNM,Birds,USNM 7956,,,,CC0_1_0,,R. MacFarlane,,,2022-08-02T11:44:08.426Z,StillImage;StillImage;StillImage;StillImage;StillImage;StillImage;StillImage;StillImage;StillImage;StillImage;StillImage;StillImage;StillImage;StillImage,
9164237,1322604139,821cc27a-e3bb-4bc5-ac34-89ada245069d,http://n2t.net/ark:/65665/3eeef7d36-68f7-456c-9c63-e4e5843cd35d,Animalia,Chordata,Aves,Charadriiformes,Scolopacidae,Numenius,Numenius borealis,,SPECIES,"Numenius borealis (J.R.Forster, 1772)",Numenius borealis,,ZZ,,,PRESENT,1.0,bc092ff0-02e4-11dc-991f-b8a03c50a862,,,,,,,,,,,,,2481783,2481783,PRESERVED_SPECIMEN,USNM,Birds,USNM 17181,,,,CC0_1_0,,Mcdougal,,,2022-08-02T11:44:58.542Z,StillImage,
9261575,1320647153,821cc27a-e3bb-4bc5-ac34-89ada245069d,http://n2t.net/ark:/65665/39862ba59-dc87-4a23-baca-91a00f26cbf5,Animalia,Chordata,Aves,Charadriiformes,Scolopacidae,Numenius,Numenius borealis,,SPECIES,"Numenius borealis (J.R.Forster, 1772)",Numenius borealis,,CA,Henly Harbor,Newfoundland,PRESENT,1.0,bc092ff0-02e4-11dc-991f-b8a03c50a862,,,,,,,,,,,,,2481783,2481783,PRESERVED_SPECIMEN,USNM,Birds,USNM A18190,,,,CC0_1_0,,E. Coues,,,2022-08-02T11:44:44.435Z,StillImage;StillImage;StillImage;StillImage,
9330666,1981554346,ddb362fd-38cf-4bac-b7a2-19c614fcfae9,NCF:Bird:1972,Animalia,Chordata,Aves,Charadriiformes,Scolopacidae,Numenius,Numenius borealis,,SPECIES,"Numenius borealis (J.R.Forster, 1772)","Numenius borealis (J.R.Forster, 1772)",J.R.Forster,NG,Badagry Creek,Lagos State,PRESENT,,3dc9105b-6792-4d2f-8872-c60dded8ae20,6.41,3.3,,,,,,,2018-02-10T00:00:00,10.0,2.0,2018.0,2481783,2481783,HUMAN_OBSERVATION,Nigerian Conservation Foundation (NCF),,1972,,Solomon Adefolu,,CC_BY_NC_4_0,,Solomon Adefolu,,,2022-07-09T10:41:13.029Z,,RECORDED_DATE_INVALID;GEODETIC_DATUM_ASSUMED_WGS84
9414537,863475949,4bfac3ea-8763-4f4b-a71a-76a6f5f243d3,MCZ:Orn:271621,Animalia,Chordata,Aves,Charadriiformes,Scolopacidae,Numenius,Numenius borealis,,SPECIES,"Numenius borealis (J.R.Forster, 1772)","Numenius borealis (Forster, 1772)","(Forster, 1772)",US,Chatham,Massachusetts,PRESENT,1.0,b4640710-8e03-11d8-b956-b8a03c50a862,41.682056,-69.959738,2625.0,,,,,,1890-04-01T00:00:00,1.0,4.0,1890.0,2481783,2481783,PRESERVED_SPECIMEN,MCZ,Orn,271621.0,,Catalog,,CC_BY_NC_4_0,President and Fellows of Harvard College,N. E. Gould,,,2022-08-25T08:08:26.484Z,,INSTITUTION_MATCH_FUZZY;COLLECTION_MATCH_FUZZY
9414601,863475928,4bfac3ea-8763-4f4b-a71a-76a6f5f243d3,MCZ:Orn:100628,Animalia,Chordata,Aves,Charadriiformes,Scolopacidae,Numenius,Numenius borealis,,SPECIES,"Numenius borealis (J.R.Forster, 1772)","Numenius borealis (Forster, 1772)","(Forster, 1772)",US,Chatham,Massachusetts,PRESENT,1.0,b4640710-8e03-11d8-b956-b8a03c50a862,41.682056,-69.959738,2625.0,,,,,,1881-09-08T00:00:00,8.0,9.0,1881.0,2481783,2481783,PRESERVED_SPECIMEN,MCZ,Orn,100628.0,,Catalog,,CC_BY_NC_4_0,President and Fellows of Harvard College,"Edward A. Bangs, Outram Bangs",,,2022-08-25T08:05:59.644Z,,INSTITUTION_MATCH_FUZZY;COLLECTION_MATCH_FUZZY
9415310,863473667,4bfac3ea-8763-4f4b-a71a-76a6f5f243d3,MCZ:Orn:342348,Animalia,Chordata,Aves,Charadriiformes,Scolopacidae,Numenius,Numenius borealis,,SPECIES,"Numenius borealis (J.R.Forster, 1772)","Numenius borealis (Forster, 1772)","(Forster, 1772)",US,East Orleans,Massachusetts,PRESENT,1.0,b4640710-8e03-11d8-b956-b8a03c50a862,41.78386,-69.970069,437.0,,,,,,1913-09-05T00:00:00,5.0,9.0,1913.0,2481783,2481783,PRESERVED_SPECIMEN,MCZ,Orn,342348.0,1369,Catalog,,CC_BY_NC_4_0,President and Fellows of Harvard College,Charles R. Lamb,,,2022-08-25T08:07:20.468Z,,INSTITUTION_MATCH_FUZZY;COLLECTION_MATCH_FUZZY
9733629,1320916702,821cc27a-e3bb-4bc5-ac34-89ada245069d,http://n2t.net/ark:/65665/3a44addca-2ed8-434b-8e5d-eec27ec3d365,Animalia,Chordata,Aves,Charadriiformes,Scolopacidae,Numenius,Numenius borealis,,SPECIES,"Numenius borealis (J.R.Forster, 1772)",Numenius borealis,,CA,"Anderson River, Fort Anderson",Northwest Territories,PRESENT,2.0,bc092ff0-02e4-11dc-991f-b8a03c50a862,,,,,,,,,,,,,2481783,2481783,PRESERVED_SPECIMEN,USNM,Birds,USNM B14092,,,,CC0_1_0,,R. MacFarlane,,,2022-08-02T11:43:40.574Z,StillImage,RECORDED_DATE_INVALID
9734078,1319438117,821cc27a-e3bb-4bc5-ac34-89ada245069d,http://n2t.net/ark:/65665/362ebb10d-0c21-4abe-bf82-e3bc55719af8,Animalia,Chordata,Aves,Charadriiformes,Scolopacidae,Numenius,Numenius borealis,,SPECIES,"Numenius borealis (J.R.Forster, 1772)",Numenius borealis,,US,"Barren Grounds, (Barren Islands?)",Alaska,PRESENT,1.0,bc092ff0-02e4-11dc-991f-b8a03c50a862,,,,,,,,,1862-06-23T00:00:00,23.0,6.0,1862.0,2481783,2481783,PRESERVED_SPECIMEN,USNM,Birds,USNM 36116,,,,CC0_1_0,,R. MacFarlane,,,2022-08-02T11:44:41.347Z,StillImage;StillImage;StillImage;StillImage,
